"X","Comparison","SIMPER","OTU","krusk_p.val","fdr_krusk_p.val","Taxonomy","Left.mean.abund","Left.stdev","Right.mean.abund","Right.stdev"
"1",1,"Pre-treatment_Post-treatment",0.202562738608435,"Otu00001",0.000777530446940383,0.00233259134082115,"Bacteroidetes - Bacteroidia - Bacteroidales - Bacteroidales_S24-7_group - NA",0.367860440738811,0.0824906564931799,0.218770643943324,0.0341680537598123
"2",2,"Pre-treatment_Post-treatment",0.147162716680692,"Otu00010",0.00632294769581095,0.0126458953916219,"Verrucomicrobia - Verrucomicrobiae - Verrucomicrobiales - Verrucomicrobiaceae - NA",0.0998331697788092,0.0212679803894801,0.204019390606266,0.0734982531885958
"3",3,"Pre-treatment_Post-treatment",0.118556072660055,"Otu00014",0.000331065830938524,0.00198639498563115,"Bacteroidetes - Bacteroidia - Bacteroidales - Bacteroidaceae - NA",0,0,0.0872593888845778,0.0280164976213665
"4",4,"Female_Male",0.1799896094376,"Otu00001",0.528612125255687,0.634334550306825,"Tenericutes - Mollicutes - Anaeroplasmatales - Anaeroplasmataceae - NA",0.308793804396003,0.112561172390694,0.277837280286132,0.0863488538507028
"5",5,"Female_Male",0.135661538942494,"Otu00010",0.75271380626305,0.75271380626305,"Firmicutes - Clostridia - Clostridiales - Ruminococcaceae - NA",0.159819355267511,0.0819582731546925,0.144033205117565,0.0720935860103928
"6",6,"Female_Male",0.128423538811082,"Otu00012",0.0928919408837053,0.139337911325558,"Firmicutes - Clostridia - Clostridiales - Lachnospiraceae - NA",0.247054671802619,0.036791256518544,0.29016177621403,0.0799095553908964
