"X","Comparison","SIMPER","OTU","krusk_p.val","fdr_krusk_p.val","Taxonomy","Left.mean.abund","Left.stdev","Right.mean.abund","Right.stdev"
"1",1,"Pre-treatment_Post-treatment",0.213396343919781,"Otu00001",0.150926950066717,0.18111234008006,"Bacteroidetes - Bacteroidia - Bacteroidales - Bacteroidales_S24-7_group - Bacteroidales_S24-7_group_ge",0.39280544899518,0.110257438818372,0.453385648660952,0.111911100144342
"2",2,"Pre-treatment_Post-treatment",0.166381384777432,"Otu00023",0.00119058681197778,0.00714352087186671,"Bacteroidetes - Bacteroidia - Bacteroidales - Rikenellaceae - Alistipes",0.00609962640654025,0.0170081834446088,0.108371247304341,0.0781573344578682
"3",3,"Pre-treatment_Post-treatment",0.103528206067567,"Otu00008",0.0696424047983281,0.104463607197492,"Tenericutes - Mollicutes - Anaeroplasmatales - Anaeroplasmataceae - Anaeroplasma",0.0792980992666771,0.0531695560074248,0.039658856528298,0.0508016437285343
"4",4,"Male_Female",0.236527542731725,"Otu00001",0.0342937210364928,0.0685874420729857,"Bacteroidetes - Bacteroidia - Bacteroidales - Bacteroidales_S24-7_group - Bacteroidales_S24-7_group_ge",0.36904860860788,0.101072124420927,0.477142489048253,0.100064075778439
"5",5,"Male_Female",0.127730520061904,"Otu00023",0.845198384806603,0.845198384806603,"Bacteroidetes - Bacteroidia - Bacteroidales - Rikenellaceae - Alistipes",0.0724992857207776,0.09372988726024,0.0419715879901034,0.0539039472602117
"6",6,"Male_Female",0.11527057298861,"Otu00008",0.0191099222068444,0.0573297666205333,"Tenericutes - Mollicutes - Anaeroplasmatales - Anaeroplasmataceae - Anaeroplasma",0.029681926607069,0.0273260843052978,0.0892750291879062,0.0596745830140402
